[{"ID": "1", "Country (or dependency)": "China", "Population (2020)": "1,439,323,776", "Yearly Change": "0.39 %", "Net Change": "5,540,090", "Density (p/km2)": "153", "LAND AREA (Km2)": "9,388,211", "Migrants (net)": "-348,399", "Fert. Rate": "1.7", "Med. Age": "38", "Urbn Pop": "61 %", "World Share": "18.47 %"}, {"ID": "2", "Country (or dependency)": "India", "Population (2020)": "1,380,004,385", "Yearly Change": "0.99 %", "Net Change": "13,586,631", "Density (p/km2)": "464", "LAND AREA (Km2)": "2,973,190", "Migrants (net)": "-532,687", "Fert. Rate": "2.2", "Med. Age": "28", "Urbn Pop": "35 %", "World Share": "17.70 %"}, {"ID": "3", "Country (or dependency)": "United States", "Population (2020)": "331,002,651", "Yearly Change": "0.59 %", "Net Change": "1,937,734", "Density (p/km2)": "36", "LAND AREA (Km2)": "9,147,420", "Migrants (net)": "954,806", "Fert. Rate": "1.8", "Med. Age": "38", "Urbn Pop": "83 %", "World Share": "4.25 %"}, {"ID": "4", "Country (or dependency)": "Indonesia", "Population (2020)": "273,523,615", "Yearly Change": "1.07 %", "Net Change": "2,898,047", "Density (p/km2)": "151", "LAND AREA (Km2)": "1,811,570", "Migrants (net)": "-98,955", "Fert. Rate": "2.3", "Med. Age": "30", "Urbn Pop": "56 %", "World Share": "3.51 %"}, {"ID": "5", "Country (or dependency)": "Pakistan", "Population (2020)": "220,892,340", "Yearly Change": "2.00 %", "Net Change": "4,327,022", "Density (p/km2)": "287", "LAND AREA (Km2)": "770,880", "Migrants (net)": "-233,379", "Fert. Rate": "3.6", "Med. Age": "23", "Urbn Pop": "35 %", "World Share": "2.83 %"}, {"ID": "6", "Country (or dependency)": "Brazil", "Population (2020)": "212,559,417", "Yearly Change": "0.72 %", "Net Change": "1,509,890", "Density (p/km2)": "25", "LAND AREA (Km2)": "8,358,140", "Migrants (net)": "21,200", "Fert. Rate": "1.7", "Med. Age": "33", "Urbn Pop": "88 %", "World Share": "2.73 %"}, {"ID": "7", "Country (or dependency)": "Nigeria", "Population (2020)": "206,139,589", "Yearly Change": "2.58 %", "Net Change": "5,175,990", "Density (p/km2)": "226", "LAND AREA (Km2)": "910,770", "Migrants (net)": "-60,000", "Fert. Rate": "5.4", "Med. Age": "18", "Urbn Pop": "52 %", "World Share": "2.64 %"}, {"ID": "8", "Country (or dependency)": "Bangladesh", "Population (2020)": "164,689,383", "Yearly Change": "1.01 %", "Net Change": "1,643,222", "Density (p/km2)": "1,265", "LAND AREA (Km2)": "130,170", "Migrants (net)": "-369,501", "Fert. Rate": "2.1", "Med. Age": "28", "Urbn Pop": "39 %", "World Share": "2.11 %"}, {"ID": "9", "Country (or dependency)": "Russia", "Population (2020)": "145,934,462", "Yearly Change": "0.04 %", "Net Change": "62,206", "Density (p/km2)": "9", "LAND AREA (Km2)": "16,376,870", "Migrants (net)": "182,456", "Fert. Rate": "1.8", "Med. Age": "40", "Urbn Pop": "74 %", "World Share": "1.87 %"}, {"ID": "10", "Country (or dependency)": "Mexico", "Population (2020)": "128,932,753", "Yearly Change": "1.06 %", "Net Change": "1,357,224", "Density (p/km2)": "66", "LAND AREA (Km2)": "1,943,950", "Migrants (net)": "-60,000", "Fert. Rate": "2.1", "Med. Age": "29", "Urbn Pop": "84 %", "World Share": "1.65 %"}, {"ID": "11", "Country (or dependency)": "Japan", "Population (2020)": "126,476,461", "Yearly Change": "-0.30 %", "Net Change": "-383,840", "Density (p/km2)": "347", "LAND AREA (Km2)": "364,555", "Migrants (net)": "71,560", "Fert. Rate": "1.4", "Med. Age": "48", "Urbn Pop": "92 %", "World Share": "1.62 %"}, {"ID": "12", "Country (or dependency)": "Ethiopia", "Population (2020)": "114,963,588", "Yearly Change": "2.57 %", "Net Change": "2,884,858", "Density (p/km2)": "115", "LAND AREA (Km2)": "1,000,000", "Migrants (net)": "30,000", "Fert. Rate": "4.3", "Med. Age": "19", "Urbn Pop": "21 %", "World Share": "1.47 %"}, {"ID": "13", "Country (or dependency)": "Philippines", "Population (2020)": "109,581,078", "Yearly Change": "1.35 %", "Net Change": "1,464,463", "Density (p/km2)": "368", "LAND AREA (Km2)": "298,170", "Migrants (net)": "-67,152", "Fert. Rate": "2.6", "Med. Age": "26", "Urbn Pop": "47 %", "World Share": "1.41 %"}, {"ID": "14", "Country (or dependency)": "Egypt", "Population (2020)": "102,334,404", "Yearly Change": "1.94 %", "Net Change": "1,946,331", "Density (p/km2)": "103", "LAND AREA (Km2)": "995,450", "Migrants (net)": "-38,033", "Fert. Rate": "3.3", "Med. Age": "25", "Urbn Pop": "43 %", "World Share": "1.31 %"}, {"ID": "15", "Country (or dependency)": "Vietnam", "Population (2020)": "97,338,579", "Yearly Change": "0.91 %", "Net Change": "876,473", "Density (p/km2)": "314", "LAND AREA (Km2)": "310,070", "Migrants (net)": "-80,000", "Fert. Rate": "2.1", "Med. Age": "32", "Urbn Pop": "38 %", "World Share": "1.25 %"}, {"ID": "16", "Country (or dependency)": "DR Congo", "Population (2020)": "89,561,403", "Yearly Change": "3.19 %", "Net Change": "2,770,836", "Density (p/km2)": "40", "LAND AREA (Km2)": "2,267,050", "Migrants (net)": "23,861", "Fert. Rate": "6.0", "Med. Age": "17", "Urbn Pop": "46 %", "World Share": "1.15 %"}, {"ID": "17", "Country (or dependency)": "Turkey", "Population (2020)": "84,339,067", "Yearly Change": "1.09 %", "Net Change": "909,452", "Density (p/km2)": "110", "LAND AREA (Km2)": "769,630", "Migrants (net)": "283,922", "Fert. Rate": "2.1", "Med. Age": "32", "Urbn Pop": "76 %", "World Share": "1.08 %"}, {"ID": "18", "Country (or dependency)": "Iran", "Population (2020)": "83,992,949", "Yearly Change": "1.30 %", "Net Change": "1,079,043", "Density (p/km2)": "52", "LAND AREA (Km2)": "1,628,550", "Migrants (net)": "-55,000", "Fert. Rate": "2.2", "Med. Age": "32", "Urbn Pop": "76 %", "World Share": "1.08 %"}, {"ID": "19", "Country (or dependency)": "Germany", "Population (2020)": "83,783,942", "Yearly Change": "0.32 %", "Net Change": "266,897", "Density (p/km2)": "240", "LAND AREA (Km2)": "348,560", "Migrants (net)": "543,822", "Fert. Rate": "1.6", "Med. Age": "46", "Urbn Pop": "76 %", "World Share": "1.07 %"}, {"ID": "20", "Country (or dependency)": "Thailand", "Population (2020)": "69,799,978", "Yearly Change": "0.25 %", "Net Change": "174,396", "Density (p/km2)": "137", "LAND AREA (Km2)": "510,890", "Migrants (net)": "19,444", "Fert. Rate": "1.5", "Med. Age": "40", "Urbn Pop": "51 %", "World Share": "0.90 %"}, {"ID": "21", "Country (or dependency)": "United Kingdom", "Population (2020)": "67,886,011", "Yearly Change": "0.53 %", "Net Change": "355,839", "Density (p/km2)": "281", "LAND AREA (Km2)": "241,930", "Migrants (net)": "260,650", "Fert. Rate": "1.8", "Med. Age": "40", "Urbn Pop": "83 %", "World Share": "0.87 %"}, {"ID": "22", "Country (or dependency)": "France", "Population (2020)": "65,273,511", "Yearly Change": "0.22 %", "Net Change": "143,783", "Density (p/km2)": "119", "LAND AREA (Km2)": "547,557", "Migrants (net)": "36,527", "Fert. Rate": "1.9", "Med. Age": "42", "Urbn Pop": "82 %", "World Share": "0.84 %"}, {"ID": "23", "Country (or dependency)": "Italy", "Population (2020)": "60,461,826", "Yearly Change": "-0.15 %", "Net Change": "-88,249", "Density (p/km2)": "206", "LAND AREA (Km2)": "294,140", "Migrants (net)": "148,943", "Fert. Rate": "1.3", "Med. Age": "47", "Urbn Pop": "69 %", "World Share": "0.78 %"}, {"ID": "24", "Country (or dependency)": "Tanzania", "Population (2020)": "59,734,218", "Yearly Change": "2.98 %", "Net Change": "1,728,755", "Density (p/km2)": "67", "LAND AREA (Km2)": "885,800", "Migrants (net)": "-40,076", "Fert. Rate": "4.9", "Med. Age": "18", "Urbn Pop": "37 %", "World Share": "0.77 %"}, {"ID": "25", "Country (or dependency)": "South Africa", "Population (2020)": "59,308,690", "Yearly Change": "1.28 %", "Net Change": "750,420", "Density (p/km2)": "49", "LAND AREA (Km2)": "1,213,090", "Migrants (net)": "145,405", "Fert. Rate": "2.4", "Med. Age": "28", "Urbn Pop": "67 %", "World Share": "0.76 %"}, {"ID": "26", "Country (or dependency)": "Myanmar", "Population (2020)": "54,409,800", "Yearly Change": "0.67 %", "Net Change": "364,380", "Density (p/km2)": "83", "LAND AREA (Km2)": "653,290", "Migrants (net)": "-163,313", "Fert. Rate": "2.2", "Med. Age": "29", "Urbn Pop": "31 %", "World Share": "0.70 %"}, {"ID": "27", "Country (or dependency)": "Kenya", "Population (2020)": "53,771,296", "Yearly Change": "2.28 %", "Net Change": "1,197,323", "Density (p/km2)": "94", "LAND AREA (Km2)": "569,140", "Migrants (net)": "-10,000", "Fert. Rate": "3.5", "Med. Age": "20", "Urbn Pop": "28 %", "World Share": "0.69 %"}, {"ID": "28", "Country (or dependency)": "South Korea", "Population (2020)": "51,269,185", "Yearly Change": "0.09 %", "Net Change": "43,877", "Density (p/km2)": "527", "LAND AREA (Km2)": "97,230", "Migrants (net)": "11,731", "Fert. Rate": "1.1", "Med. Age": "44", "Urbn Pop": "82 %", "World Share": "0.66 %"}, {"ID": "29", "Country (or dependency)": "Colombia", "Population (2020)": "50,882,891", "Yearly Change": "1.08 %", "Net Change": "543,448", "Density (p/km2)": "46", "LAND AREA (Km2)": "1,109,500", "Migrants (net)": "204,796", "Fert. Rate": "1.8", "Med. Age": "31", "Urbn Pop": "80 %", "World Share": "0.65 %"}, {"ID": "30", "Country (or dependency)": "Spain", "Population (2020)": "46,754,778", "Yearly Change": "0.04 %", "Net Change": "18,002", "Density (p/km2)": "94", "LAND AREA (Km2)": "498,800", "Migrants (net)": "40,000", "Fert. Rate": "1.3", "Med. Age": "45", "Urbn Pop": "80 %", "World Share": "0.60 %"}, {"ID": "31", "Country (or dependency)": "Uganda", "Population (2020)": "45,741,007", "Yearly Change": "3.32 %", "Net Change": "1,471,413", "Density (p/km2)": "229", "LAND AREA (Km2)": "199,810", "Migrants (net)": "168,694", "Fert. Rate": "5.0", "Med. Age": "17", "Urbn Pop": "26 %", "World Share": "0.59 %"}, {"ID": "32", "Country (or dependency)": "Argentina", "Population (2020)": "45,195,774", "Yearly Change": "0.93 %", "Net Change": "415,097", "Density (p/km2)": "17", "LAND AREA (Km2)": "2,736,690", "Migrants (net)": "4,800", "Fert. Rate": "2.3", "Med. Age": "32", "Urbn Pop": "93 %", "World Share": "0.58 %"}, {"ID": "33", "Country (or dependency)": "Algeria", "Population (2020)": "43,851,044", "Yearly Change": "1.85 %", "Net Change": "797,990", "Density (p/km2)": "18", "LAND AREA (Km2)": "2,381,740", "Migrants (net)": "-10,000", "Fert. Rate": "3.1", "Med. Age": "29", "Urbn Pop": "73 %", "World Share": "0.56 %"}, {"ID": "34", "Country (or dependency)": "Sudan", "Population (2020)": "43,849,260", "Yearly Change": "2.42 %", "Net Change": "1,036,022", "Density (p/km2)": "25", "LAND AREA (Km2)": "1,765,048", "Migrants (net)": "-50,000", "Fert. Rate": "4.4", "Med. Age": "20", "Urbn Pop": "35 %", "World Share": "0.56 %"}, {"ID": "35", "Country (or dependency)": "Ukraine", "Population (2020)": "43,733,762", "Yearly Change": "-0.59 %", "Net Change": "-259,876", "Density (p/km2)": "75", "LAND AREA (Km2)": "579,320", "Migrants (net)": "10,000", "Fert. Rate": "1.4", "Med. Age": "41", "Urbn Pop": "69 %", "World Share": "0.56 %"}, {"ID": "36", "Country (or dependency)": "Iraq", "Population (2020)": "40,222,493", "Yearly Change": "2.32 %", "Net Change": "912,710", "Density (p/km2)": "93", "LAND AREA (Km2)": "434,320", "Migrants (net)": "7,834", "Fert. Rate": "3.7", "Med. Age": "21", "Urbn Pop": "73 %", "World Share": "0.52 %"}, {"ID": "37", "Country (or dependency)": "Afghanistan", "Population (2020)": "38,928,346", "Yearly Change": "2.33 %", "Net Change": "886,592", "Density (p/km2)": "60", "LAND AREA (Km2)": "652,860", "Migrants (net)": "-62,920", "Fert. Rate": "4.6", "Med. Age": "18", "Urbn Pop": "25 %", "World Share": "0.50 %"}, {"ID": "38", "Country (or dependency)": "Poland", "Population (2020)": "37,846,611", "Yearly Change": "-0.11 %", "Net Change": "-41,157", "Density (p/km2)": "124", "LAND AREA (Km2)": "306,230", "Migrants (net)": "-29,395", "Fert. Rate": "1.4", "Med. Age": "42", "Urbn Pop": "60 %", "World Share": "0.49 %"}, {"ID": "39", "Country (or dependency)": "Canada", "Population (2020)": "37,742,154", "Yearly Change": "0.89 %", "Net Change": "331,107", "Density (p/km2)": "4", "LAND AREA (Km2)": "9,093,510", "Migrants (net)": "242,032", "Fert. Rate": "1.5", "Med. Age": "41", "Urbn Pop": "81 %", "World Share": "0.48 %"}, {"ID": "40", "Country (or dependency)": "Morocco", "Population (2020)": "36,910,560", "Yearly Change": "1.20 %", "Net Change": "438,791", "Density (p/km2)": "83", "LAND AREA (Km2)": "446,300", "Migrants (net)": "-51,419", "Fert. Rate": "2.4", "Med. Age": "30", "Urbn Pop": "64 %", "World Share": "0.47 %"}, {"ID": "41", "Country (or dependency)": "Saudi Arabia", "Population (2020)": "34,813,871", "Yearly Change": "1.59 %", "Net Change": "545,343", "Density (p/km2)": "16", "LAND AREA (Km2)": "2,149,690", "Migrants (net)": "134,979", "Fert. Rate": "2.3", "Med. Age": "32", "Urbn Pop": "84 %", "World Share": "0.45 %"}, {"ID": "42", "Country (or dependency)": "Uzbekistan", "Population (2020)": "33,469,203", "Yearly Change": "1.48 %", "Net Change": "487,487", "Density (p/km2)": "79", "LAND AREA (Km2)": "425,400", "Migrants (net)": "-8,863", "Fert. Rate": "2.4", "Med. Age": "28", "Urbn Pop": "50 %", "World Share": "0.43 %"}, {"ID": "43", "Country (or dependency)": "Peru", "Population (2020)": "32,971,854", "Yearly Change": "1.42 %", "Net Change": "461,401", "Density (p/km2)": "26", "LAND AREA (Km2)": "1,280,000", "Migrants (net)": "99,069", "Fert. Rate": "2.3", "Med. Age": "31", "Urbn Pop": "79 %", "World Share": "0.42 %"}, {"ID": "44", "Country (or dependency)": "Angola", "Population (2020)": "32,866,272", "Yearly Change": "3.27 %", "Net Change": "1,040,977", "Density (p/km2)": "26", "LAND AREA (Km2)": "1,246,700", "Migrants (net)": "6,413", "Fert. Rate": "5.6", "Med. Age": "17", "Urbn Pop": "67 %", "World Share": "0.42 %"}, {"ID": "45", "Country (or dependency)": "Malaysia", "Population (2020)": "32,365,999", "Yearly Change": "1.30 %", "Net Change": "416,222", "Density (p/km2)": "99", "LAND AREA (Km2)": "328,550", "Migrants (net)": "50,000", "Fert. Rate": "2.0", "Med. Age": "30", "Urbn Pop": "78 %", "World Share": "0.42 %"}, {"ID": "46", "Country (or dependency)": "Mozambique", "Population (2020)": "31,255,435", "Yearly Change": "2.93 %", "Net Change": "889,399", "Density (p/km2)": "40", "LAND AREA (Km2)": "786,380", "Migrants (net)": "-5,000", "Fert. Rate": "4.9", "Med. Age": "18", "Urbn Pop": "38 %", "World Share": "0.40 %"}, {"ID": "47", "Country (or dependency)": "Ghana", "Population (2020)": "31,072,940", "Yearly Change": "2.15 %", "Net Change": "655,084", "Density (p/km2)": "137", "LAND AREA (Km2)": "227,540", "Migrants (net)": "-10,000", "Fert. Rate": "3.9", "Med. Age": "22", "Urbn Pop": "57 %", "World Share": "0.40 %"}, {"ID": "48", "Country (or dependency)": "Yemen", "Population (2020)": "29,825,964", "Yearly Change": "2.28 %", "Net Change": "664,042", "Density (p/km2)": "56", "LAND AREA (Km2)": "527,970", "Migrants (net)": "-30,000", "Fert. Rate": "3.8", "Med. Age": "20", "Urbn Pop": "38 %", "World Share": "0.38 %"}, {"ID": "49", "Country (or dependency)": "Nepal", "Population (2020)": "29,136,808", "Yearly Change": "1.85 %", "Net Change": "528,098", "Density (p/km2)": "203", "LAND AREA (Km2)": "143,350", "Migrants (net)": "41,710", "Fert. Rate": "1.9", "Med. Age": "25", "Urbn Pop": "21 %", "World Share": "0.37 %"}, {"ID": "50", "Country (or dependency)": "Venezuela", "Population (2020)": "28,435,940", "Yearly Change": "-0.28 %", "Net Change": "-79,889", "Density (p/km2)": "32", "LAND AREA (Km2)": "882,050", "Migrants (net)": "-653,249", "Fert. Rate": "2.3", "Med. Age": "30", "Urbn Pop": "N.A.", "World Share": "0.36 %"}, {"ID": "51", "Country (or dependency)": "Madagascar", "Population (2020)": "27,691,018", "Yearly Change": "2.68 %", "Net Change": "721,711", "Density (p/km2)": "48", "LAND AREA (Km2)": "581,795", "Migrants (net)": "-1,500", "Fert. Rate": "4.1", "Med. Age": "20", "Urbn Pop": "39 %", "World Share": "0.36 %"}, {"ID": "52", "Country (or dependency)": "Cameroon", "Population (2020)": "26,545,863", "Yearly Change": "2.59 %", "Net Change": "669,483", "Density (p/km2)": "56", "LAND AREA (Km2)": "472,710", "Migrants (net)": "-4,800", "Fert. Rate": "4.6", "Med. Age": "19", "Urbn Pop": "56 %", "World Share": "0.34 %"}, {"ID": "53", "Country (or dependency)": "C\u00f4te d'Ivoire", "Population (2020)": "26,378,274", "Yearly Change": "2.57 %", "Net Change": "661,730", "Density (p/km2)": "83", "LAND AREA (Km2)": "318,000", "Migrants (net)": "-8,000", "Fert. Rate": "4.7", "Med. Age": "19", "Urbn Pop": "51 %", "World Share": "0.34 %"}, {"ID": "54", "Country (or dependency)": "North Korea", "Population (2020)": "25,778,816", "Yearly Change": "0.44 %", "Net Change": "112,655", "Density (p/km2)": "214", "LAND AREA (Km2)": "120,410", "Migrants (net)": "-5,403", "Fert. Rate": "1.9", "Med. Age": "35", "Urbn Pop": "63 %", "World Share": "0.33 %"}, {"ID": "55", "Country (or dependency)": "Australia", "Population (2020)": "25,499,884", "Yearly Change": "1.18 %", "Net Change": "296,686", "Density (p/km2)": "3", "LAND AREA (Km2)": "7,682,300", "Migrants (net)": "158,246", "Fert. Rate": "1.8", "Med. Age": "38", "Urbn Pop": "86 %", "World Share": "0.33 %"}, {"ID": "56", "Country (or dependency)": "Niger", "Population (2020)": "24,206,644", "Yearly Change": "3.84 %", "Net Change": "895,929", "Density (p/km2)": "19", "LAND AREA (Km2)": "1,266,700", "Migrants (net)": "4,000", "Fert. Rate": "7.0", "Med. Age": "15", "Urbn Pop": "17 %", "World Share": "0.31 %"}, {"ID": "57", "Country (or dependency)": "Taiwan", "Population (2020)": "23,816,775", "Yearly Change": "0.18 %", "Net Change": "42,899", "Density (p/km2)": "673", "LAND AREA (Km2)": "35,410", "Migrants (net)": "30,001", "Fert. Rate": "1.2", "Med. Age": "42", "Urbn Pop": "79 %", "World Share": "0.31 %"}, {"ID": "58", "Country (or dependency)": "Sri Lanka", "Population (2020)": "21,413,249", "Yearly Change": "0.42 %", "Net Change": "89,516", "Density (p/km2)": "341", "LAND AREA (Km2)": "62,710", "Migrants (net)": "-97,986", "Fert. Rate": "2.2", "Med. Age": "34", "Urbn Pop": "18 %", "World Share": "0.27 %"}, {"ID": "59", "Country (or dependency)": "Burkina Faso", "Population (2020)": "20,903,273", "Yearly Change": "2.86 %", "Net Change": "581,895", "Density (p/km2)": "76", "LAND AREA (Km2)": "273,600", "Migrants (net)": "-25,000", "Fert. Rate": "5.2", "Med. Age": "18", "Urbn Pop": "31 %", "World Share": "0.27 %"}, {"ID": "60", "Country (or dependency)": "Mali", "Population (2020)": "20,250,833", "Yearly Change": "3.02 %", "Net Change": "592,802", "Density (p/km2)": "17", "LAND AREA (Km2)": "1,220,190", "Migrants (net)": "-40,000", "Fert. Rate": "5.9", "Med. Age": "16", "Urbn Pop": "44 %", "World Share": "0.26 %"}, {"ID": "61", "Country (or dependency)": "Romania", "Population (2020)": "19,237,691", "Yearly Change": "-0.66 %", "Net Change": "-126,866", "Density (p/km2)": "84", "LAND AREA (Km2)": "230,170", "Migrants (net)": "-73,999", "Fert. Rate": "1.6", "Med. Age": "43", "Urbn Pop": "55 %", "World Share": "0.25 %"}, {"ID": "62", "Country (or dependency)": "Malawi", "Population (2020)": "19,129,952", "Yearly Change": "2.69 %", "Net Change": "501,205", "Density (p/km2)": "203", "LAND AREA (Km2)": "94,280", "Migrants (net)": "-16,053", "Fert. Rate": "4.3", "Med. Age": "18", "Urbn Pop": "18 %", "World Share": "0.25 %"}, {"ID": "63", "Country (or dependency)": "Chile", "Population (2020)": "19,116,201", "Yearly Change": "0.87 %", "Net Change": "164,163", "Density (p/km2)": "26", "LAND AREA (Km2)": "743,532", "Migrants (net)": "111,708", "Fert. Rate": "1.7", "Med. Age": "35", "Urbn Pop": "85 %", "World Share": "0.25 %"}, {"ID": "64", "Country (or dependency)": "Kazakhstan", "Population (2020)": "18,776,707", "Yearly Change": "1.21 %", "Net Change": "225,280", "Density (p/km2)": "7", "LAND AREA (Km2)": "2,699,700", "Migrants (net)": "-18,000", "Fert. Rate": "2.8", "Med. Age": "31", "Urbn Pop": "58 %", "World Share": "0.24 %"}, {"ID": "65", "Country (or dependency)": "Zambia", "Population (2020)": "18,383,955", "Yearly Change": "2.93 %", "Net Change": "522,925", "Density (p/km2)": "25", "LAND AREA (Km2)": "743,390", "Migrants (net)": "-8,000", "Fert. Rate": "4.7", "Med. Age": "18", "Urbn Pop": "45 %", "World Share": "0.24 %"}, {"ID": "66", "Country (or dependency)": "Guatemala", "Population (2020)": "17,915,568", "Yearly Change": "1.90 %", "Net Change": "334,096", "Density (p/km2)": "167", "LAND AREA (Km2)": "107,160", "Migrants (net)": "-9,215", "Fert. Rate": "2.9", "Med. Age": "23", "Urbn Pop": "52 %", "World Share": "0.23 %"}, {"ID": "67", "Country (or dependency)": "Ecuador", "Population (2020)": "17,643,054", "Yearly Change": "1.55 %", "Net Change": "269,392", "Density (p/km2)": "71", "LAND AREA (Km2)": "248,360", "Migrants (net)": "36,400", "Fert. Rate": "2.4", "Med. Age": "28", "Urbn Pop": "63 %", "World Share": "0.23 %"}, {"ID": "68", "Country (or dependency)": "Syria", "Population (2020)": "17,500,658", "Yearly Change": "2.52 %", "Net Change": "430,523", "Density (p/km2)": "95", "LAND AREA (Km2)": "183,630", "Migrants (net)": "-427,391", "Fert. Rate": "2.8", "Med. Age": "26", "Urbn Pop": "60 %", "World Share": "0.22 %"}, {"ID": "69", "Country (or dependency)": "Netherlands", "Population (2020)": "17,134,872", "Yearly Change": "0.22 %", "Net Change": "37,742", "Density (p/km2)": "508", "LAND AREA (Km2)": "33,720", "Migrants (net)": "16,000", "Fert. Rate": "1.7", "Med. Age": "43", "Urbn Pop": "92 %", "World Share": "0.22 %"}, {"ID": "70", "Country (or dependency)": "Senegal", "Population (2020)": "16,743,927", "Yearly Change": "2.75 %", "Net Change": "447,563", "Density (p/km2)": "87", "LAND AREA (Km2)": "192,530", "Migrants (net)": "-20,000", "Fert. Rate": "4.7", "Med. Age": "19", "Urbn Pop": "49 %", "World Share": "0.21 %"}, {"ID": "71", "Country (or dependency)": "Cambodia", "Population (2020)": "16,718,965", "Yearly Change": "1.41 %", "Net Change": "232,423", "Density (p/km2)": "95", "LAND AREA (Km2)": "176,520", "Migrants (net)": "-30,000", "Fert. Rate": "2.5", "Med. Age": "26", "Urbn Pop": "24 %", "World Share": "0.21 %"}, {"ID": "72", "Country (or dependency)": "Chad", "Population (2020)": "16,425,864", "Yearly Change": "3.00 %", "Net Change": "478,988", "Density (p/km2)": "13", "LAND AREA (Km2)": "1,259,200", "Migrants (net)": "2,000", "Fert. Rate": "5.8", "Med. Age": "17", "Urbn Pop": "23 %", "World Share": "0.21 %"}, {"ID": "73", "Country (or dependency)": "Somalia", "Population (2020)": "15,893,222", "Yearly Change": "2.92 %", "Net Change": "450,317", "Density (p/km2)": "25", "LAND AREA (Km2)": "627,340", "Migrants (net)": "-40,000", "Fert. Rate": "6.1", "Med. Age": "17", "Urbn Pop": "47 %", "World Share": "0.20 %"}, {"ID": "74", "Country (or dependency)": "Zimbabwe", "Population (2020)": "14,862,924", "Yearly Change": "1.48 %", "Net Change": "217,456", "Density (p/km2)": "38", "LAND AREA (Km2)": "386,850", "Migrants (net)": "-116,858", "Fert. Rate": "3.6", "Med. Age": "19", "Urbn Pop": "38 %", "World Share": "0.19 %"}, {"ID": "75", "Country (or dependency)": "Guinea", "Population (2020)": "13,132,795", "Yearly Change": "2.83 %", "Net Change": "361,549", "Density (p/km2)": "53", "LAND AREA (Km2)": "245,720", "Migrants (net)": "-4,000", "Fert. Rate": "4.7", "Med. Age": "18", "Urbn Pop": "39 %", "World Share": "0.17 %"}, {"ID": "76", "Country (or dependency)": "Rwanda", "Population (2020)": "12,952,218", "Yearly Change": "2.58 %", "Net Change": "325,268", "Density (p/km2)": "525", "LAND AREA (Km2)": "24,670", "Migrants (net)": "-9,000", "Fert. Rate": "4.1", "Med. Age": "20", "Urbn Pop": "18 %", "World Share": "0.17 %"}, {"ID": "77", "Country (or dependency)": "Benin", "Population (2020)": "12,123,200", "Yearly Change": "2.73 %", "Net Change": "322,049", "Density (p/km2)": "108", "LAND AREA (Km2)": "112,760", "Migrants (net)": "-2,000", "Fert. Rate": "4.9", "Med. Age": "19", "Urbn Pop": "48 %", "World Share": "0.16 %"}, {"ID": "78", "Country (or dependency)": "Burundi", "Population (2020)": "11,890,784", "Yearly Change": "3.12 %", "Net Change": "360,204", "Density (p/km2)": "463", "LAND AREA (Km2)": "25,680", "Migrants (net)": "2,001", "Fert. Rate": "5.5", "Med. Age": "17", "Urbn Pop": "14 %", "World Share": "0.15 %"}, {"ID": "79", "Country (or dependency)": "Tunisia", "Population (2020)": "11,818,619", "Yearly Change": "1.06 %", "Net Change": "123,900", "Density (p/km2)": "76", "LAND AREA (Km2)": "155,360", "Migrants (net)": "-4,000", "Fert. Rate": "2.2", "Med. Age": "33", "Urbn Pop": "70 %", "World Share": "0.15 %"}, {"ID": "80", "Country (or dependency)": "Bolivia", "Population (2020)": "11,673,021", "Yearly Change": "1.39 %", "Net Change": "159,921", "Density (p/km2)": "11", "LAND AREA (Km2)": "1,083,300", "Migrants (net)": "-9,504", "Fert. Rate": "2.8", "Med. Age": "26", "Urbn Pop": "69 %", "World Share": "0.15 %"}, {"ID": "81", "Country (or dependency)": "Belgium", "Population (2020)": "11,589,623", "Yearly Change": "0.44 %", "Net Change": "50,295", "Density (p/km2)": "383", "LAND AREA (Km2)": "30,280", "Migrants (net)": "48,000", "Fert. Rate": "1.7", "Med. Age": "42", "Urbn Pop": "98 %", "World Share": "0.15 %"}, {"ID": "82", "Country (or dependency)": "Haiti", "Population (2020)": "11,402,528", "Yearly Change": "1.24 %", "Net Change": "139,451", "Density (p/km2)": "414", "LAND AREA (Km2)": "27,560", "Migrants (net)": "-35,000", "Fert. Rate": "3.0", "Med. Age": "24", "Urbn Pop": "57 %", "World Share": "0.15 %"}, {"ID": "83", "Country (or dependency)": "Cuba", "Population (2020)": "11,326,616", "Yearly Change": "-0.06 %", "Net Change": "-6,867", "Density (p/km2)": "106", "LAND AREA (Km2)": "106,440", "Migrants (net)": "-14,400", "Fert. Rate": "1.6", "Med. Age": "42", "Urbn Pop": "78 %", "World Share": "0.15 %"}, {"ID": "84", "Country (or dependency)": "South Sudan", "Population (2020)": "11,193,725", "Yearly Change": "1.19 %", "Net Change": "131,612", "Density (p/km2)": "18", "LAND AREA (Km2)": "610,952", "Migrants (net)": "-174,200", "Fert. Rate": "4.7", "Med. Age": "19", "Urbn Pop": "25 %", "World Share": "0.14 %"}, {"ID": "85", "Country (or dependency)": "Dominican Republic", "Population (2020)": "10,847,910", "Yearly Change": "1.01 %", "Net Change": "108,952", "Density (p/km2)": "225", "LAND AREA (Km2)": "48,320", "Migrants (net)": "-30,000", "Fert. Rate": "2.4", "Med. Age": "28", "Urbn Pop": "85 %", "World Share": "0.14 %"}, {"ID": "86", "Country (or dependency)": "Czech Republic (Czechia)", "Population (2020)": "10,708,981", "Yearly Change": "0.18 %", "Net Change": "19,772", "Density (p/km2)": "139", "LAND AREA (Km2)": "77,240", "Migrants (net)": "22,011", "Fert. Rate": "1.6", "Med. Age": "43", "Urbn Pop": "74 %", "World Share": "0.14 %"}, {"ID": "87", "Country (or dependency)": "Greece", "Population (2020)": "10,423,054", "Yearly Change": "-0.48 %", "Net Change": "-50,401", "Density (p/km2)": "81", "LAND AREA (Km2)": "128,900", "Migrants (net)": "-16,000", "Fert. Rate": "1.3", "Med. Age": "46", "Urbn Pop": "85 %", "World Share": "0.13 %"}, {"ID": "88", "Country (or dependency)": "Jordan", "Population (2020)": "10,203,134", "Yearly Change": "1.00 %", "Net Change": "101,440", "Density (p/km2)": "115", "LAND AREA (Km2)": "88,780", "Migrants (net)": "10,220", "Fert. Rate": "2.8", "Med. Age": "24", "Urbn Pop": "91 %", "World Share": "0.13 %"}, {"ID": "89", "Country (or dependency)": "Portugal", "Population (2020)": "10,196,709", "Yearly Change": "-0.29 %", "Net Change": "-29,478", "Density (p/km2)": "111", "LAND AREA (Km2)": "91,590", "Migrants (net)": "-6,000", "Fert. Rate": "1.3", "Med. Age": "46", "Urbn Pop": "66 %", "World Share": "0.13 %"}, {"ID": "90", "Country (or dependency)": "Azerbaijan", "Population (2020)": "10,139,177", "Yearly Change": "0.91 %", "Net Change": "91,459", "Density (p/km2)": "123", "LAND AREA (Km2)": "82,658", "Migrants (net)": "1,200", "Fert. Rate": "2.1", "Med. Age": "32", "Urbn Pop": "56 %", "World Share": "0.13 %"}, {"ID": "91", "Country (or dependency)": "Sweden", "Population (2020)": "10,099,265", "Yearly Change": "0.63 %", "Net Change": "62,886", "Density (p/km2)": "25", "LAND AREA (Km2)": "410,340", "Migrants (net)": "40,000", "Fert. Rate": "1.9", "Med. Age": "41", "Urbn Pop": "88 %", "World Share": "0.13 %"}, {"ID": "92", "Country (or dependency)": "Honduras", "Population (2020)": "9,904,607", "Yearly Change": "1.63 %", "Net Change": "158,490", "Density (p/km2)": "89", "LAND AREA (Km2)": "111,890", "Migrants (net)": "-6,800", "Fert. Rate": "2.5", "Med. Age": "24", "Urbn Pop": "57 %", "World Share": "0.13 %"}, {"ID": "93", "Country (or dependency)": "United Arab Emirates", "Population (2020)": "9,890,402", "Yearly Change": "1.23 %", "Net Change": "119,873", "Density (p/km2)": "118", "LAND AREA (Km2)": "83,600", "Migrants (net)": "40,000", "Fert. Rate": "1.4", "Med. Age": "33", "Urbn Pop": "86 %", "World Share": "0.13 %"}, {"ID": "94", "Country (or dependency)": "Hungary", "Population (2020)": "9,660,351", "Yearly Change": "-0.25 %", "Net Change": "-24,328", "Density (p/km2)": "107", "LAND AREA (Km2)": "90,530", "Migrants (net)": "6,000", "Fert. Rate": "1.5", "Med. Age": "43", "Urbn Pop": "72 %", "World Share": "0.12 %"}, {"ID": "95", "Country (or dependency)": "Tajikistan", "Population (2020)": "9,537,645", "Yearly Change": "2.32 %", "Net Change": "216,627", "Density (p/km2)": "68", "LAND AREA (Km2)": "139,960", "Migrants (net)": "-20,000", "Fert. Rate": "3.6", "Med. Age": "22", "Urbn Pop": "27 %", "World Share": "0.12 %"}, {"ID": "96", "Country (or dependency)": "Belarus", "Population (2020)": "9,449,323", "Yearly Change": "-0.03 %", "Net Change": "-3,088", "Density (p/km2)": "47", "LAND AREA (Km2)": "202,910", "Migrants (net)": "8,730", "Fert. Rate": "1.7", "Med. Age": "40", "Urbn Pop": "79 %", "World Share": "0.12 %"}, {"ID": "97", "Country (or dependency)": "Austria", "Population (2020)": "9,006,398", "Yearly Change": "0.57 %", "Net Change": "51,296", "Density (p/km2)": "109", "LAND AREA (Km2)": "82,409", "Migrants (net)": "65,000", "Fert. Rate": "1.5", "Med. Age": "43", "Urbn Pop": "57 %", "World Share": "0.12 %"}, {"ID": "98", "Country (or dependency)": "Papua New Guinea", "Population (2020)": "8,947,024", "Yearly Change": "1.95 %", "Net Change": "170,915", "Density (p/km2)": "20", "LAND AREA (Km2)": "452,860", "Migrants (net)": "-800", "Fert. Rate": "3.6", "Med. Age": "22", "Urbn Pop": "13 %", "World Share": "0.11 %"}, {"ID": "99", "Country (or dependency)": "Serbia", "Population (2020)": "8,737,371", "Yearly Change": "-0.40 %", "Net Change": "-34,864", "Density (p/km2)": "100", "LAND AREA (Km2)": "87,460", "Migrants (net)": "4,000", "Fert. Rate": "1.5", "Med. Age": "42", "Urbn Pop": "56 %", "World Share": "0.11 %"}, {"ID": "100", "Country (or dependency)": "Israel", "Population (2020)": "8,655,535", "Yearly Change": "1.60 %", "Net Change": "136,158", "Density (p/km2)": "400", "LAND AREA (Km2)": "21,640", "Migrants (net)": "10,000", "Fert. Rate": "3.0", "Med. Age": "30", "Urbn Pop": "93 %", "World Share": "0.11 %"}, {"ID": "101", "Country (or dependency)": "Switzerland", "Population (2020)": "8,654,622", "Yearly Change": "0.74 %", "Net Change": "63,257", "Density (p/km2)": "219", "LAND AREA (Km2)": "39,516", "Migrants (net)": "52,000", "Fert. Rate": "1.5", "Med. Age": "43", "Urbn Pop": "74 %", "World Share": "0.11 %"}, {"ID": "102", "Country (or dependency)": "Togo", "Population (2020)": "8,278,724", "Yearly Change": "2.43 %", "Net Change": "196,358", "Density (p/km2)": "152", "LAND AREA (Km2)": "54,390", "Migrants (net)": "-2,000", "Fert. Rate": "4.4", "Med. Age": "19", "Urbn Pop": "43 %", "World Share": "0.11 %"}, {"ID": "103", "Country (or dependency)": "Sierra Leone", "Population (2020)": "7,976,983", "Yearly Change": "2.10 %", "Net Change": "163,768", "Density (p/km2)": "111", "LAND AREA (Km2)": "72,180", "Migrants (net)": "-4,200", "Fert. Rate": "4.3", "Med. Age": "19", "Urbn Pop": "43 %", "World Share": "0.10 %"}, {"ID": "104", "Country (or dependency)": "Hong Kong", "Population (2020)": "7,496,981", "Yearly Change": "0.82 %", "Net Change": "60,827", "Density (p/km2)": "7,140", "LAND AREA (Km2)": "1,050", "Migrants (net)": "29,308", "Fert. Rate": "1.3", "Med. Age": "45", "Urbn Pop": "N.A.", "World Share": "0.10 %"}, {"ID": "105", "Country (or dependency)": "Laos", "Population (2020)": "7,275,560", "Yearly Change": "1.48 %", "Net Change": "106,105", "Density (p/km2)": "32", "LAND AREA (Km2)": "230,800", "Migrants (net)": "-14,704", "Fert. Rate": "2.7", "Med. Age": "24", "Urbn Pop": "36 %", "World Share": "0.09 %"}, {"ID": "106", "Country (or dependency)": "Paraguay", "Population (2020)": "7,132,538", "Yearly Change": "1.25 %", "Net Change": "87,902", "Density (p/km2)": "18", "LAND AREA (Km2)": "397,300", "Migrants (net)": "-16,556", "Fert. Rate": "2.4", "Med. Age": "26", "Urbn Pop": "62 %", "World Share": "0.09 %"}, {"ID": "107", "Country (or dependency)": "Bulgaria", "Population (2020)": "6,948,445", "Yearly Change": "-0.74 %", "Net Change": "-51,674", "Density (p/km2)": "64", "LAND AREA (Km2)": "108,560", "Migrants (net)": "-4,800", "Fert. Rate": "1.6", "Med. Age": "45", "Urbn Pop": "76 %", "World Share": "0.09 %"}, {"ID": "108", "Country (or dependency)": "Libya", "Population (2020)": "6,871,292", "Yearly Change": "1.38 %", "Net Change": "93,840", "Density (p/km2)": "4", "LAND AREA (Km2)": "1,759,540", "Migrants (net)": "-1,999", "Fert. Rate": "2.3", "Med. Age": "29", "Urbn Pop": "78 %", "World Share": "0.09 %"}, {"ID": "109", "Country (or dependency)": "Lebanon", "Population (2020)": "6,825,445", "Yearly Change": "-0.44 %", "Net Change": "-30,268", "Density (p/km2)": "667", "LAND AREA (Km2)": "10,230", "Migrants (net)": "-30,012", "Fert. Rate": "2.1", "Med. Age": "30", "Urbn Pop": "78 %", "World Share": "0.09 %"}, {"ID": "110", "Country (or dependency)": "Nicaragua", "Population (2020)": "6,624,554", "Yearly Change": "1.21 %", "Net Change": "79,052", "Density (p/km2)": "55", "LAND AREA (Km2)": "120,340", "Migrants (net)": "-21,272", "Fert. Rate": "2.4", "Med. Age": "26", "Urbn Pop": "57 %", "World Share": "0.08 %"}, {"ID": "111", "Country (or dependency)": "Kyrgyzstan", "Population (2020)": "6,524,195", "Yearly Change": "1.69 %", "Net Change": "108,345", "Density (p/km2)": "34", "LAND AREA (Km2)": "191,800", "Migrants (net)": "-4,000", "Fert. Rate": "3.0", "Med. Age": "26", "Urbn Pop": "36 %", "World Share": "0.08 %"}, {"ID": "112", "Country (or dependency)": "El Salvador", "Population (2020)": "6,486,205", "Yearly Change": "0.51 %", "Net Change": "32,652", "Density (p/km2)": "313", "LAND AREA (Km2)": "20,720", "Migrants (net)": "-40,539", "Fert. Rate": "2.1", "Med. Age": "28", "Urbn Pop": "73 %", "World Share": "0.08 %"}, {"ID": "113", "Country (or dependency)": "Turkmenistan", "Population (2020)": "6,031,200", "Yearly Change": "1.50 %", "Net Change": "89,111", "Density (p/km2)": "13", "LAND AREA (Km2)": "469,930", "Migrants (net)": "-5,000", "Fert. Rate": "2.8", "Med. Age": "27", "Urbn Pop": "53 %", "World Share": "0.08 %"}, {"ID": "114", "Country (or dependency)": "Singapore", "Population (2020)": "5,850,342", "Yearly Change": "0.79 %", "Net Change": "46,005", "Density (p/km2)": "8,358", "LAND AREA (Km2)": "700", "Migrants (net)": "27,028", "Fert. Rate": "1.2", "Med. Age": "42", "Urbn Pop": "N.A.", "World Share": "0.08 %"}, {"ID": "115", "Country (or dependency)": "Denmark", "Population (2020)": "5,792,202", "Yearly Change": "0.35 %", "Net Change": "20,326", "Density (p/km2)": "137", "LAND AREA (Km2)": "42,430", "Migrants (net)": "15,200", "Fert. Rate": "1.8", "Med. Age": "42", "Urbn Pop": "88 %", "World Share": "0.07 %"}, {"ID": "116", "Country (or dependency)": "Finland", "Population (2020)": "5,540,720", "Yearly Change": "0.15 %", "Net Change": "8,564", "Density (p/km2)": "18", "LAND AREA (Km2)": "303,890", "Migrants (net)": "14,000", "Fert. Rate": "1.5", "Med. Age": "43", "Urbn Pop": "86 %", "World Share": "0.07 %"}, {"ID": "117", "Country (or dependency)": "Congo", "Population (2020)": "5,518,087", "Yearly Change": "2.56 %", "Net Change": "137,579", "Density (p/km2)": "16", "LAND AREA (Km2)": "341,500", "Migrants (net)": "-4,000", "Fert. Rate": "4.5", "Med. Age": "19", "Urbn Pop": "70 %", "World Share": "0.07 %"}, {"ID": "118", "Country (or dependency)": "Slovakia", "Population (2020)": "5,459,642", "Yearly Change": "0.05 %", "Net Change": "2,629", "Density (p/km2)": "114", "LAND AREA (Km2)": "48,088", "Migrants (net)": "1,485", "Fert. Rate": "1.5", "Med. Age": "41", "Urbn Pop": "54 %", "World Share": "0.07 %"}, {"ID": "119", "Country (or dependency)": "Norway", "Population (2020)": "5,421,241", "Yearly Change": "0.79 %", "Net Change": "42,384", "Density (p/km2)": "15", "LAND AREA (Km2)": "365,268", "Migrants (net)": "28,000", "Fert. Rate": "1.7", "Med. Age": "40", "Urbn Pop": "83 %", "World Share": "0.07 %"}, {"ID": "120", "Country (or dependency)": "Oman", "Population (2020)": "5,106,626", "Yearly Change": "2.65 %", "Net Change": "131,640", "Density (p/km2)": "16", "LAND AREA (Km2)": "309,500", "Migrants (net)": "87,400", "Fert. Rate": "2.9", "Med. Age": "31", "Urbn Pop": "87 %", "World Share": "0.07 %"}, {"ID": "121", "Country (or dependency)": "State of Palestine", "Population (2020)": "5,101,414", "Yearly Change": "2.41 %", "Net Change": "119,994", "Density (p/km2)": "847", "LAND AREA (Km2)": "6,020", "Migrants (net)": "-10,563", "Fert. Rate": "3.7", "Med. Age": "21", "Urbn Pop": "80 %", "World Share": "0.07 %"}, {"ID": "122", "Country (or dependency)": "Costa Rica", "Population (2020)": "5,094,118", "Yearly Change": "0.92 %", "Net Change": "46,557", "Density (p/km2)": "100", "LAND AREA (Km2)": "51,060", "Migrants (net)": "4,200", "Fert. Rate": "1.8", "Med. Age": "33", "Urbn Pop": "80 %", "World Share": "0.07 %"}, {"ID": "123", "Country (or dependency)": "Liberia", "Population (2020)": "5,057,681", "Yearly Change": "2.44 %", "Net Change": "120,307", "Density (p/km2)": "53", "LAND AREA (Km2)": "96,320", "Migrants (net)": "-5,000", "Fert. Rate": "4.4", "Med. Age": "19", "Urbn Pop": "53 %", "World Share": "0.06 %"}, {"ID": "124", "Country (or dependency)": "Ireland", "Population (2020)": "4,937,786", "Yearly Change": "1.13 %", "Net Change": "55,291", "Density (p/km2)": "72", "LAND AREA (Km2)": "68,890", "Migrants (net)": "23,604", "Fert. Rate": "1.8", "Med. Age": "38", "Urbn Pop": "63 %", "World Share": "0.06 %"}, {"ID": "125", "Country (or dependency)": "Central African Republic", "Population (2020)": "4,829,767", "Yearly Change": "1.78 %", "Net Change": "84,582", "Density (p/km2)": "8", "LAND AREA (Km2)": "622,980", "Migrants (net)": "-40,000", "Fert. Rate": "4.8", "Med. Age": "18", "Urbn Pop": "43 %", "World Share": "0.06 %"}, {"ID": "126", "Country (or dependency)": "New Zealand", "Population (2020)": "4,822,233", "Yearly Change": "0.82 %", "Net Change": "39,170", "Density (p/km2)": "18", "LAND AREA (Km2)": "263,310", "Migrants (net)": "14,881", "Fert. Rate": "1.9", "Med. Age": "38", "Urbn Pop": "87 %", "World Share": "0.06 %"}, {"ID": "127", "Country (or dependency)": "Mauritania", "Population (2020)": "4,649,658", "Yearly Change": "2.74 %", "Net Change": "123,962", "Density (p/km2)": "5", "LAND AREA (Km2)": "1,030,700", "Migrants (net)": "5,000", "Fert. Rate": "4.6", "Med. Age": "20", "Urbn Pop": "57 %", "World Share": "0.06 %"}, {"ID": "128", "Country (or dependency)": "Panama", "Population (2020)": "4,314,767", "Yearly Change": "1.61 %", "Net Change": "68,328", "Density (p/km2)": "58", "LAND AREA (Km2)": "74,340", "Migrants (net)": "11,200", "Fert. Rate": "2.5", "Med. Age": "30", "Urbn Pop": "68 %", "World Share": "0.06 %"}, {"ID": "129", "Country (or dependency)": "Kuwait", "Population (2020)": "4,270,571", "Yearly Change": "1.51 %", "Net Change": "63,488", "Density (p/km2)": "240", "LAND AREA (Km2)": "17,820", "Migrants (net)": "39,520", "Fert. Rate": "2.1", "Med. Age": "37", "Urbn Pop": "N.A.", "World Share": "0.05 %"}, {"ID": "130", "Country (or dependency)": "Croatia", "Population (2020)": "4,105,267", "Yearly Change": "-0.61 %", "Net Change": "-25,037", "Density (p/km2)": "73", "LAND AREA (Km2)": "55,960", "Migrants (net)": "-8,001", "Fert. Rate": "1.4", "Med. Age": "44", "Urbn Pop": "58 %", "World Share": "0.05 %"}, {"ID": "131", "Country (or dependency)": "Moldova", "Population (2020)": "4,033,963", "Yearly Change": "-0.23 %", "Net Change": "-9,300", "Density (p/km2)": "123", "LAND AREA (Km2)": "32,850", "Migrants (net)": "-1,387", "Fert. Rate": "1.3", "Med. Age": "38", "Urbn Pop": "43 %", "World Share": "0.05 %"}, {"ID": "132", "Country (or dependency)": "Georgia", "Population (2020)": "3,989,167", "Yearly Change": "-0.19 %", "Net Change": "-7,598", "Density (p/km2)": "57", "LAND AREA (Km2)": "69,490", "Migrants (net)": "-10,000", "Fert. Rate": "2.1", "Med. Age": "38", "Urbn Pop": "58 %", "World Share": "0.05 %"}, {"ID": "133", "Country (or dependency)": "Eritrea", "Population (2020)": "3,546,421", "Yearly Change": "1.41 %", "Net Change": "49,304", "Density (p/km2)": "35", "LAND AREA (Km2)": "101,000", "Migrants (net)": "-39,858", "Fert. Rate": "4.1", "Med. Age": "19", "Urbn Pop": "63 %", "World Share": "0.05 %"}, {"ID": "134", "Country (or dependency)": "Uruguay", "Population (2020)": "3,473,730", "Yearly Change": "0.35 %", "Net Change": "11,996", "Density (p/km2)": "20", "LAND AREA (Km2)": "175,020", "Migrants (net)": "-3,000", "Fert. Rate": "2.0", "Med. Age": "36", "Urbn Pop": "96 %", "World Share": "0.04 %"}, {"ID": "135", "Country (or dependency)": "Bosnia and Herzegovina", "Population (2020)": "3,280,819", "Yearly Change": "-0.61 %", "Net Change": "-20,181", "Density (p/km2)": "64", "LAND AREA (Km2)": "51,000", "Migrants (net)": "-21,585", "Fert. Rate": "1.3", "Med. Age": "43", "Urbn Pop": "52 %", "World Share": "0.04 %"}, {"ID": "136", "Country (or dependency)": "Mongolia", "Population (2020)": "3,278,290", "Yearly Change": "1.65 %", "Net Change": "53,123", "Density (p/km2)": "2", "LAND AREA (Km2)": "1,553,560", "Migrants (net)": "-852", "Fert. Rate": "2.9", "Med. Age": "28", "Urbn Pop": "67 %", "World Share": "0.04 %"}, {"ID": "137", "Country (or dependency)": "Armenia", "Population (2020)": "2,963,243", "Yearly Change": "0.19 %", "Net Change": "5,512", "Density (p/km2)": "104", "LAND AREA (Km2)": "28,470", "Migrants (net)": "-4,998", "Fert. Rate": "1.8", "Med. Age": "35", "Urbn Pop": "63 %", "World Share": "0.04 %"}, {"ID": "138", "Country (or dependency)": "Jamaica", "Population (2020)": "2,961,167", "Yearly Change": "0.44 %", "Net Change": "12,888", "Density (p/km2)": "273", "LAND AREA (Km2)": "10,830", "Migrants (net)": "-11,332", "Fert. Rate": "2.0", "Med. Age": "31", "Urbn Pop": "55 %", "World Share": "0.04 %"}, {"ID": "139", "Country (or dependency)": "Qatar", "Population (2020)": "2,881,053", "Yearly Change": "1.73 %", "Net Change": "48,986", "Density (p/km2)": "248", "LAND AREA (Km2)": "11,610", "Migrants (net)": "40,000", "Fert. Rate": "1.9", "Med. Age": "32", "Urbn Pop": "96 %", "World Share": "0.04 %"}, {"ID": "140", "Country (or dependency)": "Albania", "Population (2020)": "2,877,797", "Yearly Change": "-0.11 %", "Net Change": "-3,120", "Density (p/km2)": "105", "LAND AREA (Km2)": "27,400", "Migrants (net)": "-14,000", "Fert. Rate": "1.6", "Med. Age": "36", "Urbn Pop": "63 %", "World Share": "0.04 %"}, {"ID": "141", "Country (or dependency)": "Puerto Rico", "Population (2020)": "2,860,853", "Yearly Change": "-2.47 %", "Net Change": "-72,555", "Density (p/km2)": "323", "LAND AREA (Km2)": "8,870", "Migrants (net)": "-97,986", "Fert. Rate": "1.2", "Med. Age": "44", "Urbn Pop": "N.A.", "World Share": "0.04 %"}, {"ID": "142", "Country (or dependency)": "Lithuania", "Population (2020)": "2,722,289", "Yearly Change": "-1.35 %", "Net Change": "-37,338", "Density (p/km2)": "43", "LAND AREA (Km2)": "62,674", "Migrants (net)": "-32,780", "Fert. Rate": "1.7", "Med. Age": "45", "Urbn Pop": "71 %", "World Share": "0.03 %"}, {"ID": "143", "Country (or dependency)": "Namibia", "Population (2020)": "2,540,905", "Yearly Change": "1.86 %", "Net Change": "46,375", "Density (p/km2)": "3", "LAND AREA (Km2)": "823,290", "Migrants (net)": "-4,806", "Fert. Rate": "3.4", "Med. Age": "22", "Urbn Pop": "55 %", "World Share": "0.03 %"}, {"ID": "144", "Country (or dependency)": "Gambia", "Population (2020)": "2,416,668", "Yearly Change": "2.94 %", "Net Change": "68,962", "Density (p/km2)": "239", "LAND AREA (Km2)": "10,120", "Migrants (net)": "-3,087", "Fert. Rate": "5.3", "Med. Age": "18", "Urbn Pop": "59 %", "World Share": "0.03 %"}, {"ID": "145", "Country (or dependency)": "Botswana", "Population (2020)": "2,351,627", "Yearly Change": "2.08 %", "Net Change": "47,930", "Density (p/km2)": "4", "LAND AREA (Km2)": "566,730", "Migrants (net)": "3,000", "Fert. Rate": "2.9", "Med. Age": "24", "Urbn Pop": "73 %", "World Share": "0.03 %"}, {"ID": "146", "Country (or dependency)": "Gabon", "Population (2020)": "2,225,734", "Yearly Change": "2.45 %", "Net Change": "53,155", "Density (p/km2)": "9", "LAND AREA (Km2)": "257,670", "Migrants (net)": "3,260", "Fert. Rate": "4.0", "Med. Age": "23", "Urbn Pop": "87 %", "World Share": "0.03 %"}, {"ID": "147", "Country (or dependency)": "Lesotho", "Population (2020)": "2,142,249", "Yearly Change": "0.80 %", "Net Change": "16,981", "Density (p/km2)": "71", "LAND AREA (Km2)": "30,360", "Migrants (net)": "-10,047", "Fert. Rate": "3.2", "Med. Age": "24", "Urbn Pop": "31 %", "World Share": "0.03 %"}, {"ID": "148", "Country (or dependency)": "North Macedonia", "Population (2020)": "2,083,374", "Yearly Change": "0.00 %", "Net Change": "-85", "Density (p/km2)": "83", "LAND AREA (Km2)": "25,220", "Migrants (net)": "-1,000", "Fert. Rate": "1.5", "Med. Age": "39", "Urbn Pop": "59 %", "World Share": "0.03 %"}, {"ID": "149", "Country (or dependency)": "Slovenia", "Population (2020)": "2,078,938", "Yearly Change": "0.01 %", "Net Change": "284", "Density (p/km2)": "103", "LAND AREA (Km2)": "20,140", "Migrants (net)": "2,000", "Fert. Rate": "1.6", "Med. Age": "45", "Urbn Pop": "55 %", "World Share": "0.03 %"}, {"ID": "150", "Country (or dependency)": "Guinea-Bissau", "Population (2020)": "1,968,001", "Yearly Change": "2.45 %", "Net Change": "47,079", "Density (p/km2)": "70", "LAND AREA (Km2)": "28,120", "Migrants (net)": "-1,399", "Fert. Rate": "4.5", "Med. Age": "19", "Urbn Pop": "45 %", "World Share": "0.03 %"}, {"ID": "151", "Country (or dependency)": "Latvia", "Population (2020)": "1,886,198", "Yearly Change": "-1.08 %", "Net Change": "-20,545", "Density (p/km2)": "30", "LAND AREA (Km2)": "62,200", "Migrants (net)": "-14,837", "Fert. Rate": "1.7", "Med. Age": "44", "Urbn Pop": "69 %", "World Share": "0.02 %"}, {"ID": "152", "Country (or dependency)": "Bahrain", "Population (2020)": "1,701,575", "Yearly Change": "3.68 %", "Net Change": "60,403", "Density (p/km2)": "2,239", "LAND AREA (Km2)": "760", "Migrants (net)": "47,800", "Fert. Rate": "2.0", "Med. Age": "32", "Urbn Pop": "89 %", "World Share": "0.02 %"}, {"ID": "153", "Country (or dependency)": "Equatorial Guinea", "Population (2020)": "1,402,985", "Yearly Change": "3.47 %", "Net Change": "46,999", "Density (p/km2)": "50", "LAND AREA (Km2)": "28,050", "Migrants (net)": "16,000", "Fert. Rate": "4.6", "Med. Age": "22", "Urbn Pop": "73 %", "World Share": "0.02 %"}, {"ID": "154", "Country (or dependency)": "Trinidad and Tobago", "Population (2020)": "1,399,488", "Yearly Change": "0.32 %", "Net Change": "4,515", "Density (p/km2)": "273", "LAND AREA (Km2)": "5,130", "Migrants (net)": "-800", "Fert. Rate": "1.7", "Med. Age": "36", "Urbn Pop": "52 %", "World Share": "0.02 %"}, {"ID": "155", "Country (or dependency)": "Estonia", "Population (2020)": "1,326,535", "Yearly Change": "0.07 %", "Net Change": "887", "Density (p/km2)": "31", "LAND AREA (Km2)": "42,390", "Migrants (net)": "3,911", "Fert. Rate": "1.6", "Med. Age": "42", "Urbn Pop": "68 %", "World Share": "0.02 %"}, {"ID": "156", "Country (or dependency)": "Timor-Leste", "Population (2020)": "1,318,445", "Yearly Change": "1.96 %", "Net Change": "25,326", "Density (p/km2)": "89", "LAND AREA (Km2)": "14,870", "Migrants (net)": "-5,385", "Fert. Rate": "4.1", "Med. Age": "21", "Urbn Pop": "33 %", "World Share": "0.02 %"}, {"ID": "157", "Country (or dependency)": "Mauritius", "Population (2020)": "1,271,768", "Yearly Change": "0.17 %", "Net Change": "2,100", "Density (p/km2)": "626", "LAND AREA (Km2)": "2,030", "Migrants (net)": "0", "Fert. Rate": "1.4", "Med. Age": "37", "Urbn Pop": "41 %", "World Share": "0.02 %"}, {"ID": "158", "Country (or dependency)": "Cyprus", "Population (2020)": "1,207,359", "Yearly Change": "0.73 %", "Net Change": "8,784", "Density (p/km2)": "131", "LAND AREA (Km2)": "9,240", "Migrants (net)": "5,000", "Fert. Rate": "1.3", "Med. Age": "37", "Urbn Pop": "67 %", "World Share": "0.02 %"}, {"ID": "159", "Country (or dependency)": "Eswatini", "Population (2020)": "1,160,164", "Yearly Change": "1.05 %", "Net Change": "12,034", "Density (p/km2)": "67", "LAND AREA (Km2)": "17,200", "Migrants (net)": "-8,353", "Fert. Rate": "3.0", "Med. Age": "21", "Urbn Pop": "30 %", "World Share": "0.01 %"}, {"ID": "160", "Country (or dependency)": "Djibouti", "Population (2020)": "988,000", "Yearly Change": "1.48 %", "Net Change": "14,440", "Density (p/km2)": "43", "LAND AREA (Km2)": "23,180", "Migrants (net)": "900", "Fert. Rate": "2.8", "Med. Age": "27", "Urbn Pop": "79 %", "World Share": "0.01 %"}, {"ID": "161", "Country (or dependency)": "Fiji", "Population (2020)": "896,445", "Yearly Change": "0.73 %", "Net Change": "6,492", "Density (p/km2)": "49", "LAND AREA (Km2)": "18,270", "Migrants (net)": "-6,202", "Fert. Rate": "2.8", "Med. Age": "28", "Urbn Pop": "59 %", "World Share": "0.01 %"}, {"ID": "162", "Country (or dependency)": "R\u00e9union", "Population (2020)": "895,312", "Yearly Change": "0.72 %", "Net Change": "6,385", "Density (p/km2)": "358", "LAND AREA (Km2)": "2,500", "Migrants (net)": "-1,256", "Fert. Rate": "2.3", "Med. Age": "36", "Urbn Pop": "100 %", "World Share": "0.01 %"}, {"ID": "163", "Country (or dependency)": "Comoros", "Population (2020)": "869,601", "Yearly Change": "2.20 %", "Net Change": "18,715", "Density (p/km2)": "467", "LAND AREA (Km2)": "1,861", "Migrants (net)": "-2,000", "Fert. Rate": "4.2", "Med. Age": "20", "Urbn Pop": "29 %", "World Share": "0.01 %"}, {"ID": "164", "Country (or dependency)": "Guyana", "Population (2020)": "786,552", "Yearly Change": "0.48 %", "Net Change": "3,786", "Density (p/km2)": "4", "LAND AREA (Km2)": "196,850", "Migrants (net)": "-6,000", "Fert. Rate": "2.5", "Med. Age": "27", "Urbn Pop": "27 %", "World Share": "0.01 %"}, {"ID": "165", "Country (or dependency)": "Bhutan", "Population (2020)": "771,608", "Yearly Change": "1.12 %", "Net Change": "8,516", "Density (p/km2)": "20", "LAND AREA (Km2)": "38,117", "Migrants (net)": "320", "Fert. Rate": "2.0", "Med. Age": "28", "Urbn Pop": "46 %", "World Share": "0.01 %"}, {"ID": "166", "Country (or dependency)": "Solomon Islands", "Population (2020)": "686,884", "Yearly Change": "2.55 %", "Net Change": "17,061", "Density (p/km2)": "25", "LAND AREA (Km2)": "27,990", "Migrants (net)": "-1,600", "Fert. Rate": "4.4", "Med. Age": "20", "Urbn Pop": "23 %", "World Share": "0.01 %"}, {"ID": "167", "Country (or dependency)": "Macao", "Population (2020)": "649,335", "Yearly Change": "1.39 %", "Net Change": "8,890", "Density (p/km2)": "21,645", "LAND AREA (Km2)": "30", "Migrants (net)": "5,000", "Fert. Rate": "1.2", "Med. Age": "39", "Urbn Pop": "N.A.", "World Share": "0.01 %"}, {"ID": "168", "Country (or dependency)": "Montenegro", "Population (2020)": "628,066", "Yearly Change": "0.01 %", "Net Change": "79", "Density (p/km2)": "47", "LAND AREA (Km2)": "13,450", "Migrants (net)": "-480", "Fert. Rate": "1.8", "Med. Age": "39", "Urbn Pop": "68 %", "World Share": "0.01 %"}, {"ID": "169", "Country (or dependency)": "Luxembourg", "Population (2020)": "625,978", "Yearly Change": "1.66 %", "Net Change": "10,249", "Density (p/km2)": "242", "LAND AREA (Km2)": "2,590", "Migrants (net)": "9,741", "Fert. Rate": "1.5", "Med. Age": "40", "Urbn Pop": "88 %", "World Share": "0.01 %"}, {"ID": "170", "Country (or dependency)": "Western Sahara", "Population (2020)": "597,339", "Yearly Change": "2.55 %", "Net Change": "14,876", "Density (p/km2)": "2", "LAND AREA (Km2)": "266,000", "Migrants (net)": "5,582", "Fert. Rate": "2.4", "Med. Age": "28", "Urbn Pop": "87 %", "World Share": "0.01 %"}, {"ID": "171", "Country (or dependency)": "Suriname", "Population (2020)": "586,632", "Yearly Change": "0.90 %", "Net Change": "5,260", "Density (p/km2)": "4", "LAND AREA (Km2)": "156,000", "Migrants (net)": "-1,000", "Fert. Rate": "2.4", "Med. Age": "29", "Urbn Pop": "65 %", "World Share": "0.01 %"}, {"ID": "172", "Country (or dependency)": "Cabo Verde", "Population (2020)": "555,987", "Yearly Change": "1.10 %", "Net Change": "6,052", "Density (p/km2)": "138", "LAND AREA (Km2)": "4,030", "Migrants (net)": "-1,342", "Fert. Rate": "2.3", "Med. Age": "28", "Urbn Pop": "68 %", "World Share": "0.01 %"}, {"ID": "173", "Country (or dependency)": "Micronesia", "Population (2020)": "548,914", "Yearly Change": "1.00 %", "Net Change": "5,428", "Density (p/km2)": "784", "LAND AREA (Km2)": "700", "Migrants (net)": "-2,957", "Fert. Rate": "2.9", "Med. Age": "27", "Urbn Pop": "68 %", "World Share": "0.01 %"}, {"ID": "174", "Country (or dependency)": "Maldives", "Population (2020)": "540,544", "Yearly Change": "1.81 %", "Net Change": "9,591", "Density (p/km2)": "1,802", "LAND AREA (Km2)": "300", "Migrants (net)": "11,370", "Fert. Rate": "1.9", "Med. Age": "30", "Urbn Pop": "35 %", "World Share": "0.01 %"}, {"ID": "175", "Country (or dependency)": "Malta", "Population (2020)": "441,543", "Yearly Change": "0.27 %", "Net Change": "1,171", "Density (p/km2)": "1,380", "LAND AREA (Km2)": "320", "Migrants (net)": "900", "Fert. Rate": "1.5", "Med. Age": "43", "Urbn Pop": "93 %", "World Share": "0.01 %"}, {"ID": "176", "Country (or dependency)": "Brunei ", "Population (2020)": "437,479", "Yearly Change": "0.97 %", "Net Change": "4,194", "Density (p/km2)": "83", "LAND AREA (Km2)": "5,270", "Migrants (net)": "0", "Fert. Rate": "1.8", "Med. Age": "32", "Urbn Pop": "80 %", "World Share": "0.01 %"}, {"ID": "177", "Country (or dependency)": "Guadeloupe", "Population (2020)": "400,124", "Yearly Change": "0.02 %", "Net Change": "68", "Density (p/km2)": "237", "LAND AREA (Km2)": "1,690", "Migrants (net)": "-1,440", "Fert. Rate": "2.2", "Med. Age": "44", "Urbn Pop": "N.A.", "World Share": "0.01 %"}, {"ID": "178", "Country (or dependency)": "Belize", "Population (2020)": "397,628", "Yearly Change": "1.86 %", "Net Change": "7,275", "Density (p/km2)": "17", "LAND AREA (Km2)": "22,810", "Migrants (net)": "1,200", "Fert. Rate": "2.3", "Med. Age": "25", "Urbn Pop": "46 %", "World Share": "0.01 %"}, {"ID": "179", "Country (or dependency)": "Bahamas", "Population (2020)": "393,244", "Yearly Change": "0.97 %", "Net Change": "3,762", "Density (p/km2)": "39", "LAND AREA (Km2)": "10,010", "Migrants (net)": "1,000", "Fert. Rate": "1.8", "Med. Age": "32", "Urbn Pop": "86 %", "World Share": "0.01 %"}, {"ID": "180", "Country (or dependency)": "Martinique", "Population (2020)": "375,265", "Yearly Change": "-0.08 %", "Net Change": "-289", "Density (p/km2)": "354", "LAND AREA (Km2)": "1,060", "Migrants (net)": "-960", "Fert. Rate": "1.9", "Med. Age": "47", "Urbn Pop": "92 %", "World Share": "0.00 %"}, {"ID": "181", "Country (or dependency)": "Iceland", "Population (2020)": "341,243", "Yearly Change": "0.65 %", "Net Change": "2,212", "Density (p/km2)": "3", "LAND AREA (Km2)": "100,250", "Migrants (net)": "380", "Fert. Rate": "1.8", "Med. Age": "37", "Urbn Pop": "94 %", "World Share": "0.00 %"}, {"ID": "182", "Country (or dependency)": "Vanuatu", "Population (2020)": "307,145", "Yearly Change": "2.42 %", "Net Change": "7,263", "Density (p/km2)": "25", "LAND AREA (Km2)": "12,190", "Migrants (net)": "120", "Fert. Rate": "3.8", "Med. Age": "21", "Urbn Pop": "24 %", "World Share": "0.00 %"}, {"ID": "183", "Country (or dependency)": "French Guiana", "Population (2020)": "298,682", "Yearly Change": "2.70 %", "Net Change": "7,850", "Density (p/km2)": "4", "LAND AREA (Km2)": "82,200", "Migrants (net)": "1,200", "Fert. Rate": "3.4", "Med. Age": "25", "Urbn Pop": "87 %", "World Share": "0.00 %"}, {"ID": "184", "Country (or dependency)": "Barbados", "Population (2020)": "287,375", "Yearly Change": "0.12 %", "Net Change": "350", "Density (p/km2)": "668", "LAND AREA (Km2)": "430", "Migrants (net)": "-79", "Fert. Rate": "1.6", "Med. Age": "40", "Urbn Pop": "31 %", "World Share": "0.00 %"}, {"ID": "185", "Country (or dependency)": "New Caledonia", "Population (2020)": "285,498", "Yearly Change": "0.97 %", "Net Change": "2,748", "Density (p/km2)": "16", "LAND AREA (Km2)": "18,280", "Migrants (net)": "502", "Fert. Rate": "2.0", "Med. Age": "34", "Urbn Pop": "72 %", "World Share": "0.00 %"}, {"ID": "186", "Country (or dependency)": "French Polynesia", "Population (2020)": "280,908", "Yearly Change": "0.58 %", "Net Change": "1,621", "Density (p/km2)": "77", "LAND AREA (Km2)": "3,660", "Migrants (net)": "-1,000", "Fert. Rate": "2.0", "Med. Age": "34", "Urbn Pop": "64 %", "World Share": "0.00 %"}, {"ID": "187", "Country (or dependency)": "Mayotte", "Population (2020)": "272,815", "Yearly Change": "2.50 %", "Net Change": "6,665", "Density (p/km2)": "728", "LAND AREA (Km2)": "375", "Migrants (net)": "0", "Fert. Rate": "3.7", "Med. Age": "20", "Urbn Pop": "46 %", "World Share": "0.00 %"}, {"ID": "188", "Country (or dependency)": "Sao Tome & Principe", "Population (2020)": "219,159", "Yearly Change": "1.91 %", "Net Change": "4,103", "Density (p/km2)": "228", "LAND AREA (Km2)": "960", "Migrants (net)": "-1,680", "Fert. Rate": "4.4", "Med. Age": "19", "Urbn Pop": "74 %", "World Share": "0.00 %"}, {"ID": "189", "Country (or dependency)": "Samoa", "Population (2020)": "198,414", "Yearly Change": "0.67 %", "Net Change": "1,317", "Density (p/km2)": "70", "LAND AREA (Km2)": "2,830", "Migrants (net)": "-2,803", "Fert. Rate": "3.9", "Med. Age": "22", "Urbn Pop": "18 %", "World Share": "0.00 %"}, {"ID": "190", "Country (or dependency)": "Saint Lucia", "Population (2020)": "183,627", "Yearly Change": "0.46 %", "Net Change": "837", "Density (p/km2)": "301", "LAND AREA (Km2)": "610", "Migrants (net)": "0", "Fert. Rate": "1.4", "Med. Age": "34", "Urbn Pop": "19 %", "World Share": "0.00 %"}, {"ID": "191", "Country (or dependency)": "Channel Islands", "Population (2020)": "173,863", "Yearly Change": "0.93 %", "Net Change": "1,604", "Density (p/km2)": "915", "LAND AREA (Km2)": "190", "Migrants (net)": "1,351", "Fert. Rate": "1.5", "Med. Age": "43", "Urbn Pop": "30 %", "World Share": "0.00 %"}, {"ID": "192", "Country (or dependency)": "Guam", "Population (2020)": "168,775", "Yearly Change": "0.89 %", "Net Change": "1,481", "Density (p/km2)": "313", "LAND AREA (Km2)": "540", "Migrants (net)": "-506", "Fert. Rate": "2.3", "Med. Age": "31", "Urbn Pop": "95 %", "World Share": "0.00 %"}, {"ID": "193", "Country (or dependency)": "Cura\u00e7ao", "Population (2020)": "164,093", "Yearly Change": "0.41 %", "Net Change": "669", "Density (p/km2)": "370", "LAND AREA (Km2)": "444", "Migrants (net)": "515", "Fert. Rate": "1.8", "Med. Age": "42", "Urbn Pop": "89 %", "World Share": "0.00 %"}, {"ID": "194", "Country (or dependency)": "Kiribati", "Population (2020)": "119,449", "Yearly Change": "1.57 %", "Net Change": "1,843", "Density (p/km2)": "147", "LAND AREA (Km2)": "810", "Migrants (net)": "-800", "Fert. Rate": "3.6", "Med. Age": "23", "Urbn Pop": "57 %", "World Share": "0.00 %"}, {"ID": "195", "Country (or dependency)": "Grenada", "Population (2020)": "112,523", "Yearly Change": "0.46 %", "Net Change": "520", "Density (p/km2)": "331", "LAND AREA (Km2)": "340", "Migrants (net)": "-200", "Fert. Rate": "2.1", "Med. Age": "32", "Urbn Pop": "35 %", "World Share": "0.00 %"}, {"ID": "196", "Country (or dependency)": "St. Vincent & Grenadines", "Population (2020)": "110,940", "Yearly Change": "0.32 %", "Net Change": "351", "Density (p/km2)": "284", "LAND AREA (Km2)": "390", "Migrants (net)": "-200", "Fert. Rate": "1.9", "Med. Age": "33", "Urbn Pop": "53 %", "World Share": "0.00 %"}, {"ID": "197", "Country (or dependency)": "Aruba", "Population (2020)": "106,766", "Yearly Change": "0.43 %", "Net Change": "452", "Density (p/km2)": "593", "LAND AREA (Km2)": "180", "Migrants (net)": "201", "Fert. Rate": "1.9", "Med. Age": "41", "Urbn Pop": "44 %", "World Share": "0.00 %"}, {"ID": "198", "Country (or dependency)": "Tonga", "Population (2020)": "105,695", "Yearly Change": "1.15 %", "Net Change": "1,201", "Density (p/km2)": "147", "LAND AREA (Km2)": "720", "Migrants (net)": "-800", "Fert. Rate": "3.6", "Med. Age": "22", "Urbn Pop": "24 %", "World Share": "0.00 %"}, {"ID": "199", "Country (or dependency)": "U.S. Virgin Islands", "Population (2020)": "104,425", "Yearly Change": "-0.15 %", "Net Change": "-153", "Density (p/km2)": "298", "LAND AREA (Km2)": "350", "Migrants (net)": "-451", "Fert. Rate": "2.0", "Med. Age": "43", "Urbn Pop": "96 %", "World Share": "0.00 %"}, {"ID": "200", "Country (or dependency)": "Seychelles", "Population (2020)": "98,347", "Yearly Change": "0.62 %", "Net Change": "608", "Density (p/km2)": "214", "LAND AREA (Km2)": "460", "Migrants (net)": "-200", "Fert. Rate": "2.5", "Med. Age": "34", "Urbn Pop": "56 %", "World Share": "0.00 %"}, {"ID": "201", "Country (or dependency)": "Antigua and Barbuda", "Population (2020)": "97,929", "Yearly Change": "0.84 %", "Net Change": "811", "Density (p/km2)": "223", "LAND AREA (Km2)": "440", "Migrants (net)": "0", "Fert. Rate": "2.0", "Med. Age": "34", "Urbn Pop": "26 %", "World Share": "0.00 %"}, {"ID": "202", "Country (or dependency)": "Isle of Man", "Population (2020)": "85,033", "Yearly Change": "0.53 %", "Net Change": "449", "Density (p/km2)": "149", "LAND AREA (Km2)": "570", "Migrants (net)": " ", "Fert. Rate": "N.A.", "Med. Age": "N.A.", "Urbn Pop": "53 %", "World Share": "0.00 %"}, {"ID": "203", "Country (or dependency)": "Andorra", "Population (2020)": "77,265", "Yearly Change": "0.16 %", "Net Change": "123", "Density (p/km2)": "164", "LAND AREA (Km2)": "470", "Migrants (net)": " ", "Fert. Rate": "N.A.", "Med. Age": "N.A.", "Urbn Pop": "88 %", "World Share": "0.00 %"}, {"ID": "204", "Country (or dependency)": "Dominica", "Population (2020)": "71,986", "Yearly Change": "0.25 %", "Net Change": "178", "Density (p/km2)": "96", "LAND AREA (Km2)": "750", "Migrants (net)": " ", "Fert. Rate": "N.A.", "Med. Age": "N.A.", "Urbn Pop": "74 %", "World Share": "0.00 %"}, {"ID": "205", "Country (or dependency)": "Cayman Islands", "Population (2020)": "65,722", "Yearly Change": "1.19 %", "Net Change": "774", "Density (p/km2)": "274", "LAND AREA (Km2)": "240", "Migrants (net)": " ", "Fert. Rate": "N.A.", "Med. Age": "N.A.", "Urbn Pop": "97 %", "World Share": "0.00 %"}, {"ID": "206", "Country (or dependency)": "Bermuda", "Population (2020)": "62,278", "Yearly Change": "-0.36 %", "Net Change": "-228", "Density (p/km2)": "1,246", "LAND AREA (Km2)": "50", "Migrants (net)": " ", "Fert. Rate": "N.A.", "Med. Age": "N.A.", "Urbn Pop": "97 %", "World Share": "0.00 %"}, {"ID": "207", "Country (or dependency)": "Marshall Islands", "Population (2020)": "59,190", "Yearly Change": "0.68 %", "Net Change": "399", "Density (p/km2)": "329", "LAND AREA (Km2)": "180", "Migrants (net)": " ", "Fert. Rate": "N.A.", "Med. Age": "N.A.", "Urbn Pop": "70 %", "World Share": "0.00 %"}, {"ID": "208", "Country (or dependency)": "Northern Mariana Islands", "Population (2020)": "57,559", "Yearly Change": "0.60 %", "Net Change": "343", "Density (p/km2)": "125", "LAND AREA (Km2)": "460", "Migrants (net)": " ", "Fert. Rate": "N.A.", "Med. Age": "N.A.", "Urbn Pop": "88 %", "World Share": "0.00 %"}, {"ID": "209", "Country (or dependency)": "Greenland", "Population (2020)": "56,770", "Yearly Change": "0.17 %", "Net Change": "98", "Density (p/km2)": "0", "LAND AREA (Km2)": "410,450", "Migrants (net)": " ", "Fert. Rate": "N.A.", "Med. Age": "N.A.", "Urbn Pop": "87 %", "World Share": "0.00 %"}, {"ID": "210", "Country (or dependency)": "American Samoa", "Population (2020)": "55,191", "Yearly Change": "-0.22 %", "Net Change": "-121", "Density (p/km2)": "276", "LAND AREA (Km2)": "200", "Migrants (net)": " ", "Fert. Rate": "N.A.", "Med. Age": "N.A.", "Urbn Pop": "88 %", "World Share": "0.00 %"}, {"ID": "211", "Country (or dependency)": "Saint Kitts & Nevis", "Population (2020)": "53,199", "Yearly Change": "0.71 %", "Net Change": "376", "Density (p/km2)": "205", "LAND AREA (Km2)": "260", "Migrants (net)": " ", "Fert. Rate": "N.A.", "Med. Age": "N.A.", "Urbn Pop": "33 %", "World Share": "0.00 %"}, {"ID": "212", "Country (or dependency)": "Faeroe Islands", "Population (2020)": "48,863", "Yearly Change": "0.38 %", "Net Change": "185", "Density (p/km2)": "35", "LAND AREA (Km2)": "1,396", "Migrants (net)": " ", "Fert. Rate": "N.A.", "Med. Age": "N.A.", "Urbn Pop": "43 %", "World Share": "0.00 %"}, {"ID": "213", "Country (or dependency)": "Sint Maarten", "Population (2020)": "42,876", "Yearly Change": "1.15 %", "Net Change": "488", "Density (p/km2)": "1,261", "LAND AREA (Km2)": "34", "Migrants (net)": " ", "Fert. Rate": "N.A.", "Med. Age": "N.A.", "Urbn Pop": "96 %", "World Share": "0.00 %"}, {"ID": "214", "Country (or dependency)": "Monaco", "Population (2020)": "39,242", "Yearly Change": "0.71 %", "Net Change": "278", "Density (p/km2)": "26,337", "LAND AREA (Km2)": "1", "Migrants (net)": " ", "Fert. Rate": "N.A.", "Med. Age": "N.A.", "Urbn Pop": "N.A.", "World Share": "0.00 %"}, {"ID": "215", "Country (or dependency)": "Turks and Caicos", "Population (2020)": "38,717", "Yearly Change": "1.38 %", "Net Change": "526", "Density (p/km2)": "41", "LAND AREA (Km2)": "950", "Migrants (net)": " ", "Fert. Rate": "N.A.", "Med. Age": "N.A.", "Urbn Pop": "89 %", "World Share": "0.00 %"}, {"ID": "216", "Country (or dependency)": "Saint Martin", "Population (2020)": "38,666", "Yearly Change": "1.75 %", "Net Change": "664", "Density (p/km2)": "730", "LAND AREA (Km2)": "53", "Migrants (net)": " ", "Fert. Rate": "N.A.", "Med. Age": "N.A.", "Urbn Pop": "0 %", "World Share": "0.00 %"}, {"ID": "217", "Country (or dependency)": "Liechtenstein", "Population (2020)": "38,128", "Yearly Change": "0.29 %", "Net Change": "109", "Density (p/km2)": "238", "LAND AREA (Km2)": "160", "Migrants (net)": " ", "Fert. Rate": "N.A.", "Med. Age": "N.A.", "Urbn Pop": "15 %", "World Share": "0.00 %"}, {"ID": "218", "Country (or dependency)": "San Marino", "Population (2020)": "33,931", "Yearly Change": "0.21 %", "Net Change": "71", "Density (p/km2)": "566", "LAND AREA (Km2)": "60", "Migrants (net)": " ", "Fert. Rate": "N.A.", "Med. Age": "N.A.", "Urbn Pop": "97 %", "World Share": "0.00 %"}, {"ID": "219", "Country (or dependency)": "Gibraltar", "Population (2020)": "33,691", "Yearly Change": "-0.03 %", "Net Change": "-10", "Density (p/km2)": "3,369", "LAND AREA (Km2)": "10", "Migrants (net)": " ", "Fert. Rate": "N.A.", "Med. Age": "N.A.", "Urbn Pop": "N.A.", "World Share": "0.00 %"}, {"ID": "220", "Country (or dependency)": "British Virgin Islands", "Population (2020)": "30,231", "Yearly Change": "0.67 %", "Net Change": "201", "Density (p/km2)": "202", "LAND AREA (Km2)": "150", "Migrants (net)": " ", "Fert. Rate": "N.A.", "Med. Age": "N.A.", "Urbn Pop": "52 %", "World Share": "0.00 %"}, {"ID": "221", "Country (or dependency)": "Caribbean Netherlands", "Population (2020)": "26,223", "Yearly Change": "0.94 %", "Net Change": "244", "Density (p/km2)": "80", "LAND AREA (Km2)": "328", "Migrants (net)": " ", "Fert. Rate": "N.A.", "Med. Age": "N.A.", "Urbn Pop": "75 %", "World Share": "0.00 %"}, {"ID": "222", "Country (or dependency)": "Palau", "Population (2020)": "18,094", "Yearly Change": "0.48 %", "Net Change": "86", "Density (p/km2)": "39", "LAND AREA (Km2)": "460", "Migrants (net)": " ", "Fert. Rate": "N.A.", "Med. Age": "N.A.", "Urbn Pop": "N.A.", "World Share": "0.00 %"}, {"ID": "223", "Country (or dependency)": "Cook Islands", "Population (2020)": "17,564", "Yearly Change": "0.09 %", "Net Change": "16", "Density (p/km2)": "73", "LAND AREA (Km2)": "240", "Migrants (net)": " ", "Fert. Rate": "N.A.", "Med. Age": "N.A.", "Urbn Pop": "75 %", "World Share": "0.00 %"}, {"ID": "224", "Country (or dependency)": "Anguilla", "Population (2020)": "15,003", "Yearly Change": "0.90 %", "Net Change": "134", "Density (p/km2)": "167", "LAND AREA (Km2)": "90", "Migrants (net)": " ", "Fert. Rate": "N.A.", "Med. Age": "N.A.", "Urbn Pop": "N.A.", "World Share": "0.00 %"}, {"ID": "225", "Country (or dependency)": "Tuvalu", "Population (2020)": "11,792", "Yearly Change": "1.25 %", "Net Change": "146", "Density (p/km2)": "393", "LAND AREA (Km2)": "30", "Migrants (net)": " ", "Fert. Rate": "N.A.", "Med. Age": "N.A.", "Urbn Pop": "62 %", "World Share": "0.00 %"}, {"ID": "226", "Country (or dependency)": "Wallis & Futuna", "Population (2020)": "11,239", "Yearly Change": "-1.69 %", "Net Change": "-193", "Density (p/km2)": "80", "LAND AREA (Km2)": "140", "Migrants (net)": " ", "Fert. Rate": "N.A.", "Med. Age": "N.A.", "Urbn Pop": "0 %", "World Share": "0.00 %"}, {"ID": "227", "Country (or dependency)": "Nauru", "Population (2020)": "10,824", "Yearly Change": "0.63 %", "Net Change": "68", "Density (p/km2)": "541", "LAND AREA (Km2)": "20", "Migrants (net)": " ", "Fert. Rate": "N.A.", "Med. Age": "N.A.", "Urbn Pop": "N.A.", "World Share": "0.00 %"}, {"ID": "228", "Country (or dependency)": "Saint Barthelemy", "Population (2020)": "9,877", "Yearly Change": "0.30 %", "Net Change": "30", "Density (p/km2)": "470", "LAND AREA (Km2)": "21", "Migrants (net)": " ", "Fert. Rate": "N.A.", "Med. Age": "N.A.", "Urbn Pop": "0 %", "World Share": "0.00 %"}, {"ID": "229", "Country (or dependency)": "Saint Helena", "Population (2020)": "6,077", "Yearly Change": "0.30 %", "Net Change": "18", "Density (p/km2)": "16", "LAND AREA (Km2)": "390", "Migrants (net)": " ", "Fert. Rate": "N.A.", "Med. Age": "N.A.", "Urbn Pop": "27 %", "World Share": "0.00 %"}, {"ID": "230", "Country (or dependency)": "Saint Pierre & Miquelon", "Population (2020)": "5,794", "Yearly Change": "-0.48 %", "Net Change": "-28", "Density (p/km2)": "25", "LAND AREA (Km2)": "230", "Migrants (net)": " ", "Fert. Rate": "N.A.", "Med. Age": "N.A.", "Urbn Pop": "100 %", "World Share": "0.00 %"}, {"ID": "231", "Country (or dependency)": "Montserrat", "Population (2020)": "4,992", "Yearly Change": "0.06 %", "Net Change": "3", "Density (p/km2)": "50", "LAND AREA (Km2)": "100", "Migrants (net)": " ", "Fert. Rate": "N.A.", "Med. Age": "N.A.", "Urbn Pop": "10 %", "World Share": "0.00 %"}, {"ID": "232", "Country (or dependency)": "Falkland Islands", "Population (2020)": "3,480", "Yearly Change": "3.05 %", "Net Change": "103", "Density (p/km2)": "0", "LAND AREA (Km2)": "12,170", "Migrants (net)": " ", "Fert. Rate": "N.A.", "Med. Age": "N.A.", "Urbn Pop": "66 %", "World Share": "0.00 %"}, {"ID": "233", "Country (or dependency)": "Niue", "Population (2020)": "1,626", "Yearly Change": "0.68 %", "Net Change": "11", "Density (p/km2)": "6", "LAND AREA (Km2)": "260", "Migrants (net)": " ", "Fert. Rate": "N.A.", "Med. Age": "N.A.", "Urbn Pop": "46 %", "World Share": "0.00 %"}, {"ID": "234", "Country (or dependency)": "Tokelau", "Population (2020)": "1,357", "Yearly Change": "1.27 %", "Net Change": "17", "Density (p/km2)": "136", "LAND AREA (Km2)": "10", "Migrants (net)": " ", "Fert. Rate": "N.A.", "Med. Age": "N.A.", "Urbn Pop": "0 %", "World Share": "0.00 %"}, {"ID": "235", "Country (or dependency)": "Holy See", "Population (2020)": "801", "Yearly Change": "0.25 %", "Net Change": "2", "Density (p/km2)": "2,003", "LAND AREA (Km2)": "0", "Migrants (net)": " ", "Fert. Rate": "N.A.", "Med. Age": "N.A.", "Urbn Pop": "N.A.", "World Share": "0.00 %"}]