,region,country,port,sea freight cost,road transport cost per km,total_sea_frieght_cost,total_road_transport_cost,total_export_costs
0,Africa,South Africa,Durban,2300,1.61,18400,1610.0,20010.0
1,Africa,Kenya,Mombasa,2800,13.5,22400,13500.0,35900.0
2,Africa,Nigeria,Lagos,4240,2.5,33920,2500.0,36420.0
3,Asia,Singapore,Singapore,180,1.0,1440,1000.0,2440.0
4,Asia,Japan,Yokohama,180,1.0,1440,1000.0,2440.0
5,Asia,China,Shanghai,180,1.0,1440,1000.0,2440.0
6,Europe,Netherlands,Rotterdam,110,2.1,880,2100.0,2980.0
7,Europe,Germany,Hamburg,200,2.1,1600,2100.0,3700.0
8,Europe,Spain,Valencia,195,2.1,1560,2100.0,3660.0
9,Latin America and the Caribbean,Brazil,Santos,544,1.0,4352,1000.0,5352.0
10,Latin America and the Caribbean,Columbia,Cartagena,833,1.0,6664,1000.0,7664.0
11,Latin America and the Caribbean,Costa Rica,Puerto Limon,1654,1.0,13232,1000.0,14232.0
12,Oceania,Australia,Brisbane,4450,1.8,35600,1800.0,37400.0
13,Oceania,Australia,Fremantle,4450,1.8,35600,1800.0,37400.0
14,Oceania,New Zealand,Auckland,4450,1.75,35600,1750.0,37350.0
