﻿region,country,port,sea freight cost,road transport cost per km,total sea freight cost,total road transport cost,total export cost
Africa,South Africa,Durban,2300,1.61,18400,1610,20010
Africa,Kenya,Mombasa,2800,13.5,22400,13500,35900
Africa,Nigeria,Lagos,4240,2.5,33920,2500,36420
Asia,Singapore,Singapore,180,1,1440,1000,2440
Asia,Japan,Yokohama,180,1,1440,1000,2440
Asia,China,Shanghai,180,1,1440,1000,2440
Europe,Netherlands,Rotterdam,110,2.1,880,2100,2980
Europe,Germany,Hamburg,200,2.1,1600,2100,3700
Europe,Spain,Valencia,195,2.1,1560,2100,3660
Latin America and the Caribbean,Brazil,Santos,544,1,4352,1000,5352
Latin America and the Caribbean,Columbia,Cartagena,833,1,6664,1000,7664
Latin America and the Caribbean,Costa Rica,Puerto Limon,1654,1,13232,1000,14232
Oceania,Australia,Brisbane,4450,1.8,35600,1800,37400
Oceania,Australia,Fremantle,4450,1.8,35600,1800,37400
Oceania,New Zealand,Auckland,4450,1.75,35600,1750,37350